1,https://google.com
2,https://youtube.com
3,https://facebook.com
4,https://baidu.com
5,https://bing.com
6,https://bilibili.com
7,https://amazon.com
8,https://wikipedia.org
9,https://yahoo.com
10,https://twitter.com
11,https://qq.com
12,https://linkedin.com
13,https://reddit.com
14,https://microsoft.com
15,https://live.com
16,https://whatsapp.com
17,https://yandex.ru
18,https://zhihu.com
19,https://zoom.us
20,https://vk.com
21,https://office.com
22,https://github.com
23,https://taobao.com
24,https://xvideos.com
25,https://pornhub.com
26,https://csdn.net
27,https://tiktok.com
28,https://apple.com
29,https://naver.com
30,https://yahoo.co.jp
31,https://mail.ru
32,https://fandom.com
33,https://aliexpress.com
34,https://paypal.com
35,https://amazon.in
36,https://jd.com
37,https://weibo.com
38,https://stackoverflow.com
39,https://ebay.com
40,https://t.co
41,https://xhamster.com
42,https://adobe.com
43,https://sina.com.cn
44,https://google.com.hk
45,https://quora.com
46,https://google.co.in
47,https://imdb.com
48,https://duckduckgo.com
49,https://pinterest.com
50,https://spankbang.com
51,https://chaturbate.com
52,https://twitch.tv
53,https://spotify.com
54,https://xnxx.com
55,https://cnki.net
56,https://booking.com
57,https://douyu.com
58,https://ilovepdf.com
59,https://amazon.de
60,https://fiverr.com
61,https://huya.com
62,https://etsy.com
63,https://amazon.co.uk
64,https://telegram.org
65,https://flipkart.com
66,https://discord.com
67,https://tmall.com
68,https://so.com
69,https://douban.com
70,https://freepik.com
71,https://amazon.co.jp
72,https://force.com
73,https://msn.com
74,https://wordpress.com
75,https://imgur.com
76,https://alibaba.com
77,https://dropbox.com
78,https://t.me
79,https://nih.gov
80,https://deepl.com
81,https://pixiv.net
82,https://cnn.com
83,https://wetransfer.com
84,https://tradingview.com
85,https://1688.com
86,https://steampowered.com
87,https://nytimes.com
88,https://sogou.com
89,https://digikala.com